"Apple iPhone SE (White, 128 GB) (Includes EarPods, Power Adapter)","36,999","89,584 Ratings "
"Apple iPhone 7 Plus (Black, 32 GB)","37,900","29,484 Ratings "
"Apple iPhone SE (White, 128 GB)","36,999","89,584 Ratings "
"Apple iPhone SE (Red, 128 GB)","36,999","89,584 Ratings "
"Apple iPhone 8 (Gold, 64 GB)","39,900","11,183 Ratings "
"Apple iPhone SE (Black, 128 GB)","36,999","89,584 Ratings "
"Apple iPhone SE (Black, 64 GB) (Includes EarPods, Power Adapter)","31,999","89,584 Ratings "
"Apple iPhone SE (White, 64 GB) (Includes EarPods, Power Adapter)","31,999","89,584 Ratings "
"Apple iPhone SE (Red, 64 GB)","31,999","89,584 Ratings "
"Apple iPhone SE (White, 64 GB)","31,999","89,584 Ratings "
"Apple iPhone SE (Black, 64 GB)","31,999","89,584 Ratings "
"Apple iPhone XR (White, 64 GB) (Includes EarPods, Power Adapter)","40,999","74,481 Ratings "
"Apple iPhone XR (Black, 64 GB) (Includes EarPods, Power Adapter)","40,999","74,481 Ratings "
"Apple iPhone XR ((PRODUCT)RED, 64 GB) (Includes EarPods, Power Adapter)","40,999","74,481 Ratings "
"Apple iPhone XR (Blue, 64 GB) (Includes EarPods, Power Adapter)","40,999","74,481 Ratings "
"Apple iPhone XR (Coral, 64 GB) (Includes EarPods, Power Adapter)","40,999","74,481 Ratings "
"Apple iPhone 7 Plus (Rose Gold, 32 GB)","42,999","29,484 Ratings "
"Apple iPhone 11 (White, 64 GB)","49,999","31,292 Ratings "
"Apple iPhone 11 (Black, 64 GB)","49,999","31,292 Ratings "
"Apple iPhone 11 (White, 128 GB)","55,999","31,292 Ratings "
"Apple iPhone XR (Black, 128 GB) (Includes EarPods, Power Adapter)","45,999","74,481 Ratings "
"Apple iPhone 11 (Green, 64 GB)","49,999","31,292 Ratings "
"Apple iPhone 11 (Purple, 64 GB)","49,999","31,292 Ratings "
"Apple iPhone XR (White, 128 GB) (Includes EarPods, Power Adapter)","45,999","74,481 Ratings "
"Device Details","Price","Ratings"
